day,asia_kz,early_skip,early_bias,reason,scenario,target_direction,ensemble_mode,clusters,picked_clusters,potential_trades,executed_trades,detector_raw.cb_vp,detector_raw.mfvg_s,detector_raw.svwap_sh,detector_raw.iib_c,detector_raw.wtr,detector_accepted.cb_vp,detector_accepted.mfvg_s,detector_accepted.svwap_sh,detector_accepted.iib_c,detector_accepted.wtr,detector_cb_vp_raw,detector_cb_vp_acc,detector_cb_vp_avg_raw,detector_cb_vp_avg_acc,detector_mfvg_s_raw,detector_mfvg_s_acc,detector_mfvg_s_avg_raw,detector_mfvg_s_avg_acc,detector_svwap_sh_raw,detector_svwap_sh_acc,detector_svwap_sh_avg_raw,detector_svwap_sh_avg_acc,detector_iib_c_raw,detector_iib_c_acc,detector_iib_c_avg_raw,detector_iib_c_avg_acc,detector_wtr_raw,detector_wtr_acc,detector_wtr_avg_raw,detector_wtr_avg_acc,orientation_skips
2024-01-02,True,True,,,,,,,,,,,,,,,,,,,,,,,,,,,,,,,,,,,,,,,,
2024-01-03,True,False,,no_target;no_entry_candidates,,,,,,,,,,,,,,,,,,,,,,,,,,,,,,,,,,,,,,
2024-01-04,True,True,,,,,,,,,,,,,,,,,,,,,,,,,,,,,,,,,,,,,,,,
2024-01-07,True,False,,no_target;no_entry_candidates,,,,,,,,,,,,,,,,,,,,,,,,,,,,,,,,,,,,,,
2024-01-08,True,False,,no_target;no_entry_candidates,,,,,,,,,,,,,,,,,,,,,,,,,,,,,,,,,,,,,,
2024-01-09,True,False,,no_target;no_entry_candidates,,,,,,,,,,,,,,,,,,,,,,,,,,,,,,,,,,,,,,
2024-01-10,True,False,,no_target;no_entry_candidates,,,,,,,,,,,,,,,,,,,,,,,,,,,,,,,,,,,,,,
2024-01-11,True,False,,no_target;no_entry_candidates,,,,,,,,,,,,,,,,,,,,,,,,,,,,,,,,,,,,,,
2024-01-14,True,False,,no_target;no_entry_candidates,,,,,,,,,,,,,,,,,,,,,,,,,,,,,,,,,,,,,,
2024-01-15,True,False,,no_target;no_entry_candidates,,,,,,,,,,,,,,,,,,,,,,,,,,,,,,,,,,,,,,
2024-01-16,True,False,,no_target;no_entry_candidates,,,,,,,,,,,,,,,,,,,,,,,,,,,,,,,,,,,,,,
2024-01-17,True,False,,no_target;no_entry_candidates,,,,,,,,,,,,,,,,,,,,,,,,,,,,,,,,,,,,,,
2024-01-18,True,False,,no_target;no_entry_candidates,,,,,,,,,,,,,,,,,,,,,,,,,,,,,,,,,,,,,,
2024-01-21,True,False,,no_target;no_entry_candidates,,,,,,,,,,,,,,,,,,,,,,,,,,,,,,,,,,,,,,
2024-01-22,True,False,,no_target;no_entry_candidates,,,,,,,,,,,,,,,,,,,,,,,,,,,,,,,,,,,,,,
2024-01-23,True,False,,no_target;no_entry_candidates,,,,,,,,,,,,,,,,,,,,,,,,,,,,,,,,,,,,,,
2024-01-24,True,True,,,,,,,,,,,,,,,,,,,,,,,,,,,,,,,,,,,,,,,,
2024-01-25,True,True,,,,,,,,,,,,,,,,,,,,,,,,,,,,,,,,,,,,,,,,
2024-01-28,True,True,,,,,,,,,,,,,,,,,,,,,,,,,,,,,,,,,,,,,,,,
2024-01-29,True,False,,no_target;no_entry_candidates,,,,,,,,,,,,,,,,,,,,,,,,,,,,,,,,,,,,,,
2024-01-30,True,False,,no_target;no_entry_candidates,,,,,,,,,,,,,,,,,,,,,,,,,,,,,,,,,,,,,,
2024-01-31,True,True,,,,,,,,,,,,,,,,,,,,,,,,,,,,,,,,,,,,,,,,
2024-02-01,True,False,,no_target;no_entry_candidates,,,,,,,,,,,,,,,,,,,,,,,,,,,,,,,,,,,,,,
2024-02-04,True,False,,no_target;no_entry_candidates,,,,,,,,,,,,,,,,,,,,,,,,,,,,,,,,,,,,,,
2024-02-05,True,False,,no_target;no_entry_candidates,,,,,,,,,,,,,,,,,,,,,,,,,,,,,,,,,,,,,,
2024-02-06,True,True,,,,,,,,,,,,,,,,,,,,,,,,,,,,,,,,,,,,,,,,
2024-02-07,True,False,,no_target;no_entry_candidates,,,,,,,,,,,,,,,,,,,,,,,,,,,,,,,,,,,,,,
2024-02-08,True,False,,no_target;no_entry_candidates,,,,,,,,,,,,,,,,,,,,,,,,,,,,,,,,,,,,,,
2024-02-11,True,True,,,,,,,,,,,,,,,,,,,,,,,,,,,,,,,,,,,,,,,,
2024-02-12,True,False,,no_target;no_entry_candidates,,,,,,,,,,,,,,,,,,,,,,,,,,,,,,,,,,,,,,
2024-02-13,True,False,,no_target;no_entry_candidates,,,,,,,,,,,,,,,,,,,,,,,,,,,,,,,,,,,,,,
2024-02-14,True,False,,,single_side_low_in_kz,LONG,confluence,1.0,1.0,1.0,1.0,0.0,1.0,0.0,0.0,0.0,0.0,1.0,0.0,0.0,0.0,0.0,0.0,,,1.0,1.0,0.28405621269669024,0.28405621269669024,0.0,0.0,,,0.0,0.0,,,0.0,0.0,,,
2024-02-15,True,False,,no_target;no_entry_candidates,,,,,,,,,,,,,,,,,,,,,,,,,,,,,,,,,,,,,,
2024-02-18,True,True,,,,,,,,,,,,,,,,,,,,,,,,,,,,,,,,,,,,,,,,
2024-02-19,True,False,,no_target;no_entry_candidates,,,,,,,,,,,,,,,,,,,,,,,,,,,,,,,,,,,,,,
2024-02-20,True,False,,no_target;no_entry_candidates,,,,,,,,,,,,,,,,,,,,,,,,,,,,,,,,,,,,,,
2024-02-21,True,False,,no_target;no_entry_candidates,,,,,,,,,,,,,,,,,,,,,,,,,,,,,,,,,,,,,,
2024-02-22,True,False,,no_target;no_entry_candidates,,,,,,,,,,,,,,,,,,,,,,,,,,,,,,,,,,,,,,
2024-02-25,True,False,low_takeout,,both_in_kz_bias=low_takeout,LONG,confluence,1.0,1.0,1.0,1.0,0.0,0.0,5.0,0.0,0.0,0.0,0.0,5.0,0.0,0.0,0.0,0.0,,,0.0,0.0,,,5.0,5.0,0.10517331684865212,0.10517331684865212,0.0,0.0,,,0.0,0.0,,,
2024-02-26,True,False,,no_target;no_entry_candidates,,,,,,,,,,,,,,,,,,,,,,,,,,,,,,,,,,,,,,
2024-02-27,True,False,,no_target;no_entry_candidates,,,,,,,,,,,,,,,,,,,,,,,,,,,,,,,,,,,,,,
2024-02-28,True,False,,no_target;no_entry_candidates,,,,,,,,,,,,,,,,,,,,,,,,,,,,,,,,,,,,,,
2024-02-29,True,False,,no_target;no_entry_candidates,,,,,,,,,,,,,,,,,,,,,,,,,,,,,,,,,,,,,,
2024-03-03,True,False,,,single_side_low_in_kz,LONG,confluence,3.0,1.0,1.0,0.0,0.0,0.0,7.0,0.0,0.0,0.0,0.0,7.0,0.0,0.0,0.0,0.0,,,0.0,0.0,,,7.0,7.0,0.10573538307292277,0.10573538307292277,0.0,0.0,,,0.0,0.0,,,1.0
2024-03-04,True,True,,,,,,,,,,,,,,,,,,,,,,,,,,,,,,,,,,,,,,,,
2024-03-05,True,False,,no_target;no_entry_candidates,,,,,,,,,,,,,,,,,,,,,,,,,,,,,,,,,,,,,,
2024-03-06,True,True,,,,,,,,,,,,,,,,,,,,,,,,,,,,,,,,,,,,,,,,
2024-03-07,True,False,,no_target;no_entry_candidates,,,,,,,,,,,,,,,,,,,,,,,,,,,,,,,,,,,,,,
2024-03-10,True,True,,,,,,,,,,,,,,,,,,,,,,,,,,,,,,,,,,,,,,,,
2024-03-11,True,False,,no_target;no_entry_candidates,,,,,,,,,,,,,,,,,,,,,,,,,,,,,,,,,,,,,,
2024-03-12,True,False,,no_target;no_entry_candidates,,,,,,,,,,,,,,,,,,,,,,,,,,,,,,,,,,,,,,
2024-03-13,True,False,,no_target;no_entry_candidates,,,,,,,,,,,,,,,,,,,,,,,,,,,,,,,,,,,,,,
2024-03-14,True,False,,no_target;no_entry_candidates,,,,,,,,,,,,,,,,,,,,,,,,,,,,,,,,,,,,,,
2024-03-17,True,True,,,,,,,,,,,,,,,,,,,,,,,,,,,,,,,,,,,,,,,,
2024-03-18,True,False,,no_target;no_entry_candidates,,,,,,,,,,,,,,,,,,,,,,,,,,,,,,,,,,,,,,
2024-03-19,True,True,,,,,,,,,,,,,,,,,,,,,,,,,,,,,,,,,,,,,,,,
2024-03-20,True,False,,no_target;no_entry_candidates,,,,,,,,,,,,,,,,,,,,,,,,,,,,,,,,,,,,,,
2024-03-21,True,False,,no_target;no_entry_candidates,,,,,,,,,,,,,,,,,,,,,,,,,,,,,,,,,,,,,,
2024-03-24,True,False,low_takeout,,both_in_kz_bias=low_takeout,LONG,confluence,2.0,1.0,1.0,0.0,0.0,0.0,8.0,0.0,0.0,0.0,0.0,8.0,0.0,0.0,0.0,0.0,,,0.0,0.0,,,8.0,8.0,0.10500445036070738,0.10500445036070738,0.0,0.0,,,0.0,0.0,,,1.0
2024-03-25,True,True,,,,,,,,,,,,,,,,,,,,,,,,,,,,,,,,,,,,,,,,
2024-03-26,True,False,,no_target;no_entry_candidates,,,,,,,,,,,,,,,,,,,,,,,,,,,,,,,,,,,,,,
2024-03-27,True,False,,no_target;no_entry_candidates,,,,,,,,,,,,,,,,,,,,,,,,,,,,,,,,,,,,,,
2024-03-28,True,False,,no_target;no_entry_candidates,,,,,,,,,,,,,,,,,,,,,,,,,,,,,,,,,,,,,,
2024-03-31,True,True,,,,,,,,,,,,,,,,,,,,,,,,,,,,,,,,,,,,,,,,
2024-04-01,True,True,,,,,,,,,,,,,,,,,,,,,,,,,,,,,,,,,,,,,,,,
2024-04-02,True,False,,no_detector_candidates;no_entry_candidates,single_side_low_in_kz,LONG,confluence,,,,,0.0,0.0,0.0,0.0,0.0,0.0,0.0,0.0,0.0,0.0,,,,,,,,,,,,,,,,,,,,,
2024-04-03,True,False,,no_target;no_entry_candidates,,,,,,,,,,,,,,,,,,,,,,,,,,,,,,,,,,,,,,
2024-04-04,True,True,,,,,,,,,,,,,,,,,,,,,,,,,,,,,,,,,,,,,,,,
2024-04-07,True,True,,,,,,,,,,,,,,,,,,,,,,,,,,,,,,,,,,,,,,,,
2024-04-08,True,False,,no_target;no_entry_candidates,,,,,,,,,,,,,,,,,,,,,,,,,,,,,,,,,,,,,,
2024-04-09,True,False,,no_target;no_entry_candidates,,,,,,,,,,,,,,,,,,,,,,,,,,,,,,,,,,,,,,
2024-04-10,True,False,,no_target;no_entry_candidates,,,,,,,,,,,,,,,,,,,,,,,,,,,,,,,,,,,,,,
2024-04-11,True,False,,no_target;no_entry_candidates,,,,,,,,,,,,,,,,,,,,,,,,,,,,,,,,,,,,,,
2024-04-14,True,True,,,,,,,,,,,,,,,,,,,,,,,,,,,,,,,,,,,,,,,,
2024-04-15,True,False,,no_target;no_entry_candidates,,,,,,,,,,,,,,,,,,,,,,,,,,,,,,,,,,,,,,
2024-04-16,True,False,,no_target;no_entry_candidates,,,,,,,,,,,,,,,,,,,,,,,,,,,,,,,,,,,,,,
2024-04-17,True,False,,no_target;no_entry_candidates,,,,,,,,,,,,,,,,,,,,,,,,,,,,,,,,,,,,,,
2024-04-18,True,False,,no_target;no_entry_candidates,,,,,,,,,,,,,,,,,,,,,,,,,,,,,,,,,,,,,,
2024-04-21,True,True,,,,,,,,,,,,,,,,,,,,,,,,,,,,,,,,,,,,,,,,
2024-04-22,True,False,,no_target;no_entry_candidates,,,,,,,,,,,,,,,,,,,,,,,,,,,,,,,,,,,,,,
2024-04-23,True,False,,no_target;no_entry_candidates,,,,,,,,,,,,,,,,,,,,,,,,,,,,,,,,,,,,,,
2024-04-24,True,False,,no_target;no_entry_candidates,,,,,,,,,,,,,,,,,,,,,,,,,,,,,,,,,,,,,,
2024-04-25,True,False,,no_target;no_entry_candidates,,,,,,,,,,,,,,,,,,,,,,,,,,,,,,,,,,,,,,
2024-04-28,True,False,,no_detector_candidates;no_entry_candidates,single_side_low_in_kz,LONG,confluence,,,,,0.0,0.0,0.0,0.0,0.0,0.0,0.0,0.0,0.0,0.0,,,,,,,,,,,,,,,,,,,,,
2024-04-29,True,False,,no_target;no_entry_candidates,,,,,,,,,,,,,,,,,,,,,,,,,,,,,,,,,,,,,,
2024-04-30,True,True,,,,,,,,,,,,,,,,,,,,,,,,,,,,,,,,,,,,,,,,
2024-05-01,True,False,,no_target;no_entry_candidates,,,,,,,,,,,,,,,,,,,,,,,,,,,,,,,,,,,,,,
2024-05-02,True,False,,no_target;no_entry_candidates,,,,,,,,,,,,,,,,,,,,,,,,,,,,,,,,,,,,,,
2024-05-05,True,True,,,,,,,,,,,,,,,,,,,,,,,,,,,,,,,,,,,,,,,,
2024-05-06,True,True,,,,,,,,,,,,,,,,,,,,,,,,,,,,,,,,,,,,,,,,
2024-05-07,True,False,,no_target;no_entry_candidates,,,,,,,,,,,,,,,,,,,,,,,,,,,,,,,,,,,,,,
2024-05-08,True,False,,no_target;no_entry_candidates,,,,,,,,,,,,,,,,,,,,,,,,,,,,,,,,,,,,,,
2024-05-09,True,False,,no_target;no_entry_candidates,,,,,,,,,,,,,,,,,,,,,,,,,,,,,,,,,,,,,,
2024-05-12,True,False,,no_target;no_entry_candidates,,,,,,,,,,,,,,,,,,,,,,,,,,,,,,,,,,,,,,
2024-05-13,True,True,,,,,,,,,,,,,,,,,,,,,,,,,,,,,,,,,,,,,,,,
2024-05-14,True,False,,no_target;no_entry_candidates,,,,,,,,,,,,,,,,,,,,,,,,,,,,,,,,,,,,,,
2024-05-15,True,False,,no_target;no_entry_candidates,,,,,,,,,,,,,,,,,,,,,,,,,,,,,,,,,,,,,,
2024-05-16,True,False,,no_target;no_entry_candidates,,,,,,,,,,,,,,,,,,,,,,,,,,,,,,,,,,,,,,
2024-05-19,True,True,,,,,,,,,,,,,,,,,,,,,,,,,,,,,,,,,,,,,,,,
2024-05-20,True,False,,no_target;no_entry_candidates,,,,,,,,,,,,,,,,,,,,,,,,,,,,,,,,,,,,,,
2024-05-21,True,False,,no_target;no_entry_candidates,,,,,,,,,,,,,,,,,,,,,,,,,,,,,,,,,,,,,,
2024-05-22,True,False,,no_target;no_entry_candidates,,,,,,,,,,,,,,,,,,,,,,,,,,,,,,,,,,,,,,
2024-05-23,True,False,,no_target;no_entry_candidates,,,,,,,,,,,,,,,,,,,,,,,,,,,,,,,,,,,,,,
2024-05-26,True,True,,,,,,,,,,,,,,,,,,,,,,,,,,,,,,,,,,,,,,,,
2024-05-27,True,False,high_takeout,,both_in_kz_bias=high_takeout,SHORT,confluence,1.0,1.0,1.0,1.0,0.0,0.0,0.0,0.0,1.0,0.0,0.0,0.0,0.0,1.0,0.0,0.0,,,0.0,0.0,,,0.0,0.0,,,0.0,0.0,,,1.0,1.0,0.19798569917678832,0.19798569917678832,
2024-05-28,True,False,,no_target;no_entry_candidates,,,,,,,,,,,,,,,,,,,,,,,,,,,,,,,,,,,,,,
2024-05-29,True,True,,,,,,,,,,,,,,,,,,,,,,,,,,,,,,,,,,,,,,,,
2024-05-30,True,True,,,,,,,,,,,,,,,,,,,,,,,,,,,,,,,,,,,,,,,,
2024-06-02,True,True,,,,,,,,,,,,,,,,,,,,,,,,,,,,,,,,,,,,,,,,
2024-06-03,True,False,,no_target;no_entry_candidates,,,,,,,,,,,,,,,,,,,,,,,,,,,,,,,,,,,,,,
2024-06-04,True,False,,no_target;no_entry_candidates,,,,,,,,,,,,,,,,,,,,,,,,,,,,,,,,,,,,,,
2024-06-05,True,False,,no_target;no_entry_candidates,,,,,,,,,,,,,,,,,,,,,,,,,,,,,,,,,,,,,,
2024-06-06,True,False,,no_target;no_entry_candidates,,,,,,,,,,,,,,,,,,,,,,,,,,,,,,,,,,,,,,
2024-06-09,True,False,high_takeout,,both_in_kz_bias=high_takeout,SHORT,confluence,2.0,1.0,1.0,0.0,0.0,0.0,0.0,2.0,0.0,0.0,0.0,0.0,2.0,0.0,0.0,0.0,,,0.0,0.0,,,0.0,0.0,,,2.0,2.0,0.37121770327364456,0.37121770327364456,0.0,0.0,,,1.0
2024-06-10,True,False,,no_target;no_entry_candidates,,,,,,,,,,,,,,,,,,,,,,,,,,,,,,,,,,,,,,
2024-06-11,True,False,,no_target;no_entry_candidates,,,,,,,,,,,,,,,,,,,,,,,,,,,,,,,,,,,,,,
2024-06-12,True,True,,,,,,,,,,,,,,,,,,,,,,,,,,,,,,,,,,,,,,,,
2024-06-13,True,True,,,,,,,,,,,,,,,,,,,,,,,,,,,,,,,,,,,,,,,,
2024-06-16,True,False,,no_target;no_entry_candidates,,,,,,,,,,,,,,,,,,,,,,,,,,,,,,,,,,,,,,
2024-06-17,True,False,,no_target;no_entry_candidates,,,,,,,,,,,,,,,,,,,,,,,,,,,,,,,,,,,,,,
2024-06-18,True,False,,no_target;no_entry_candidates,,,,,,,,,,,,,,,,,,,,,,,,,,,,,,,,,,,,,,
2024-06-19,True,True,,,,,,,,,,,,,,,,,,,,,,,,,,,,,,,,,,,,,,,,
2024-06-20,True,True,,,,,,,,,,,,,,,,,,,,,,,,,,,,,,,,,,,,,,,,
2024-06-23,True,True,,,,,,,,,,,,,,,,,,,,,,,,,,,,,,,,,,,,,,,,
2024-06-24,True,True,,,,,,,,,,,,,,,,,,,,,,,,,,,,,,,,,,,,,,,,
2024-06-25,True,True,,,,,,,,,,,,,,,,,,,,,,,,,,,,,,,,,,,,,,,,
2024-06-26,True,False,,no_target;no_entry_candidates,,,,,,,,,,,,,,,,,,,,,,,,,,,,,,,,,,,,,,
2024-06-27,True,True,,,,,,,,,,,,,,,,,,,,,,,,,,,,,,,,,,,,,,,,
2024-06-30,True,True,,,,,,,,,,,,,,,,,,,,,,,,,,,,,,,,,,,,,,,,
2024-07-01,True,True,,,,,,,,,,,,,,,,,,,,,,,,,,,,,,,,,,,,,,,,
2024-07-02,True,False,,no_target;no_entry_candidates,,,,,,,,,,,,,,,,,,,,,,,,,,,,,,,,,,,,,,
2024-07-03,True,False,,no_target;no_entry_candidates,,,,,,,,,,,,,,,,,,,,,,,,,,,,,,,,,,,,,,
2024-07-04,True,True,,,,,,,,,,,,,,,,,,,,,,,,,,,,,,,,,,,,,,,,
2024-07-07,True,False,,,single_side_low_in_kz,LONG,confluence,3.0,1.0,1.0,0.0,0.0,0.0,3.0,1.0,0.0,0.0,0.0,3.0,1.0,0.0,0.0,0.0,,,0.0,0.0,,,3.0,3.0,0.10505803007467822,0.10505803007467822,1.0,1.0,0.3362158273381295,0.3362158273381295,0.0,0.0,,,1.0
2024-07-08,True,False,,no_target;no_entry_candidates,,,,,,,,,,,,,,,,,,,,,,,,,,,,,,,,,,,,,,
2024-07-09,True,True,,,,,,,,,,,,,,,,,,,,,,,,,,,,,,,,,,,,,,,,
2024-07-10,True,False,,no_target;no_entry_candidates,,,,,,,,,,,,,,,,,,,,,,,,,,,,,,,,,,,,,,
2024-07-11,True,False,,no_target;no_entry_candidates,,,,,,,,,,,,,,,,,,,,,,,,,,,,,,,,,,,,,,
2024-07-14,True,False,,,single_side_low_in_kz,LONG,confluence,2.0,1.0,1.0,1.0,0.0,1.0,5.0,0.0,0.0,0.0,1.0,5.0,0.0,0.0,0.0,0.0,,,1.0,1.0,0.29822338376891333,0.29822338376891333,5.0,5.0,0.10760777913101816,0.10760777913101816,0.0,0.0,,,0.0,0.0,,,
2024-07-15,True,False,,no_target;no_entry_candidates,,,,,,,,,,,,,,,,,,,,,,,,,,,,,,,,,,,,,,
2024-07-16,True,True,,,,,,,,,,,,,,,,,,,,,,,,,,,,,,,,,,,,,,,,
2024-07-17,True,True,,,,,,,,,,,,,,,,,,,,,,,,,,,,,,,,,,,,,,,,
2024-07-18,True,False,,no_target;no_entry_candidates,,,,,,,,,,,,,,,,,,,,,,,,,,,,,,,,,,,,,,
2024-07-21,True,True,,,,,,,,,,,,,,,,,,,,,,,,,,,,,,,,,,,,,,,,
2024-07-22,True,False,high_takeout,,both_in_kz_bias=high_takeout,SHORT,confluence,1.0,1.0,1.0,1.0,0.0,0.0,2.0,0.0,0.0,0.0,0.0,2.0,0.0,0.0,0.0,0.0,,,0.0,0.0,,,2.0,2.0,0.1051433316925475,0.1051433316925475,0.0,0.0,,,0.0,0.0,,,
2024-07-23,True,False,,no_target;no_entry_candidates,,,,,,,,,,,,,,,,,,,,,,,,,,,,,,,,,,,,,,
2024-07-24,True,False,,no_target;no_entry_candidates,,,,,,,,,,,,,,,,,,,,,,,,,,,,,,,,,,,,,,
2024-07-25,True,True,,,,,,,,,,,,,,,,,,,,,,,,,,,,,,,,,,,,,,,,
2024-07-28,True,False,,no_target;no_entry_candidates,,,,,,,,,,,,,,,,,,,,,,,,,,,,,,,,,,,,,,
2024-07-29,True,False,,no_target;no_entry_candidates,,,,,,,,,,,,,,,,,,,,,,,,,,,,,,,,,,,,,,
2024-07-30,True,True,,,,,,,,,,,,,,,,,,,,,,,,,,,,,,,,,,,,,,,,
2024-07-31,True,False,,no_target;no_entry_candidates,,,,,,,,,,,,,,,,,,,,,,,,,,,,,,,,,,,,,,
2024-08-01,True,True,,,,,,,,,,,,,,,,,,,,,,,,,,,,,,,,,,,,,,,,
2024-08-04,True,True,,,,,,,,,,,,,,,,,,,,,,,,,,,,,,,,,,,,,,,,
2024-08-05,True,True,,,,,,,,,,,,,,,,,,,,,,,,,,,,,,,,,,,,,,,,
2024-08-06,True,False,,no_target;no_entry_candidates,,,,,,,,,,,,,,,,,,,,,,,,,,,,,,,,,,,,,,
2024-08-07,True,True,,,,,,,,,,,,,,,,,,,,,,,,,,,,,,,,,,,,,,,,
2024-08-08,True,True,,,,,,,,,,,,,,,,,,,,,,,,,,,,,,,,,,,,,,,,
2024-08-11,True,False,,no_target;no_entry_candidates,,,,,,,,,,,,,,,,,,,,,,,,,,,,,,,,,,,,,,
2024-08-12,True,False,,no_target;no_entry_candidates,,,,,,,,,,,,,,,,,,,,,,,,,,,,,,,,,,,,,,
2024-08-13,True,False,,no_target;no_entry_candidates,,,,,,,,,,,,,,,,,,,,,,,,,,,,,,,,,,,,,,
2024-08-14,True,False,,no_target;no_entry_candidates,,,,,,,,,,,,,,,,,,,,,,,,,,,,,,,,,,,,,,
2024-08-15,True,False,,,single_side_low_in_kz,LONG,confluence,3.0,1.0,1.0,0.0,0.0,0.0,5.0,2.0,0.0,0.0,0.0,5.0,2.0,0.0,0.0,0.0,,,0.0,0.0,,,5.0,5.0,0.1062666499772726,0.1062666499772726,2.0,2.0,0.36583386685272157,0.36583386685272157,0.0,0.0,,,1.0
2024-08-18,True,False,,no_target;no_entry_candidates,,,,,,,,,,,,,,,,,,,,,,,,,,,,,,,,,,,,,,
2024-08-19,True,False,,no_target;no_entry_candidates,,,,,,,,,,,,,,,,,,,,,,,,,,,,,,,,,,,,,,
2024-08-20,True,True,,,,,,,,,,,,,,,,,,,,,,,,,,,,,,,,,,,,,,,,
2024-08-21,True,False,,no_target;no_entry_candidates,,,,,,,,,,,,,,,,,,,,,,,,,,,,,,,,,,,,,,
2024-08-22,True,False,,no_target;no_entry_candidates,,,,,,,,,,,,,,,,,,,,,,,,,,,,,,,,,,,,,,
2024-08-25,True,False,high_takeout,,both_in_kz_bias=high_takeout,SHORT,confluence,1.0,1.0,1.0,1.0,0.0,0.0,11.0,0.0,0.0,0.0,0.0,11.0,0.0,0.0,0.0,0.0,,,0.0,0.0,,,11.0,11.0,0.10652360951321715,0.10652360951321715,0.0,0.0,,,0.0,0.0,,,
2024-08-26,True,True,,,,,,,,,,,,,,,,,,,,,,,,,,,,,,,,,,,,,,,,
2024-08-27,True,False,,no_target;no_entry_candidates,,,,,,,,,,,,,,,,,,,,,,,,,,,,,,,,,,,,,,
2024-08-28,True,False,,no_target;no_entry_candidates,,,,,,,,,,,,,,,,,,,,,,,,,,,,,,,,,,,,,,
2024-08-29,True,True,,,,,,,,,,,,,,,,,,,,,,,,,,,,,,,,,,,,,,,,
2024-09-01,True,False,,no_target;no_entry_candidates,,,,,,,,,,,,,,,,,,,,,,,,,,,,,,,,,,,,,,
2024-09-02,True,False,low_takeout,,both_in_kz_bias=low_takeout,LONG,confluence,3.0,1.0,1.0,1.0,0.0,0.0,0.0,0.0,3.0,0.0,0.0,0.0,0.0,3.0,0.0,0.0,,,0.0,0.0,,,0.0,0.0,,,0.0,0.0,,,3.0,3.0,0.21,0.21,
2024-09-03,True,False,,no_target;no_entry_candidates,,,,,,,,,,,,,,,,,,,,,,,,,,,,,,,,,,,,,,
2024-09-04,True,False,,no_target;no_entry_candidates,,,,,,,,,,,,,,,,,,,,,,,,,,,,,,,,,,,,,,
2024-09-05,True,False,,no_target;no_entry_candidates,,,,,,,,,,,,,,,,,,,,,,,,,,,,,,,,,,,,,,
2024-09-08,True,True,,,,,,,,,,,,,,,,,,,,,,,,,,,,,,,,,,,,,,,,
2024-09-09,True,True,,,,,,,,,,,,,,,,,,,,,,,,,,,,,,,,,,,,,,,,
2024-09-10,True,True,,,,,,,,,,,,,,,,,,,,,,,,,,,,,,,,,,,,,,,,
2024-09-11,True,True,,,,,,,,,,,,,,,,,,,,,,,,,,,,,,,,,,,,,,,,
2024-09-12,True,True,,,,,,,,,,,,,,,,,,,,,,,,,,,,,,,,,,,,,,,,
2024-09-15,True,False,,no_target;no_entry_candidates,,,,,,,,,,,,,,,,,,,,,,,,,,,,,,,,,,,,,,
2024-09-16,True,True,,,,,,,,,,,,,,,,,,,,,,,,,,,,,,,,,,,,,,,,
2024-09-17,True,False,,no_target;no_entry_candidates,,,,,,,,,,,,,,,,,,,,,,,,,,,,,,,,,,,,,,
2024-09-18,True,True,,,,,,,,,,,,,,,,,,,,,,,,,,,,,,,,,,,,,,,,
2024-09-19,True,False,,no_target;no_entry_candidates,,,,,,,,,,,,,,,,,,,,,,,,,,,,,,,,,,,,,,
2024-09-22,True,False,low_takeout,,both_in_kz_bias=low_takeout,LONG,confluence,2.0,1.0,1.0,1.0,0.0,1.0,3.0,0.0,0.0,0.0,1.0,3.0,0.0,0.0,0.0,0.0,,,1.0,1.0,0.2760281604844814,0.2760281604844814,3.0,3.0,0.10628599013458472,0.10628599013458472,0.0,0.0,,,0.0,0.0,,,
2024-09-23,True,True,,,,,,,,,,,,,,,,,,,,,,,,,,,,,,,,,,,,,,,,
2024-09-24,True,False,,no_target;no_entry_candidates,,,,,,,,,,,,,,,,,,,,,,,,,,,,,,,,,,,,,,
2024-09-25,True,False,,no_target;no_entry_candidates,,,,,,,,,,,,,,,,,,,,,,,,,,,,,,,,,,,,,,
2024-09-26,True,False,,no_target;no_entry_candidates,,,,,,,,,,,,,,,,,,,,,,,,,,,,,,,,,,,,,,
2024-09-29,True,True,,,,,,,,,,,,,,,,,,,,,,,,,,,,,,,,,,,,,,,,
2024-09-30,True,False,,no_target;no_entry_candidates,,,,,,,,,,,,,,,,,,,,,,,,,,,,,,,,,,,,,,
2024-10-01,True,True,,,,,,,,,,,,,,,,,,,,,,,,,,,,,,,,,,,,,,,,
2024-10-02,True,False,,no_detector_candidates;no_entry_candidates,single_side_high_in_kz,SHORT,confluence,,,,,0.0,0.0,0.0,0.0,0.0,0.0,0.0,0.0,0.0,0.0,,,,,,,,,,,,,,,,,,,,,
2024-10-03,True,False,,no_target;no_entry_candidates,,,,,,,,,,,,,,,,,,,,,,,,,,,,,,,,,,,,,,
2024-10-06,True,True,,,,,,,,,,,,,,,,,,,,,,,,,,,,,,,,,,,,,,,,
2024-10-07,True,False,,no_target;no_entry_candidates,,,,,,,,,,,,,,,,,,,,,,,,,,,,,,,,,,,,,,
2024-10-08,True,False,,no_target;no_entry_candidates,,,,,,,,,,,,,,,,,,,,,,,,,,,,,,,,,,,,,,
2024-10-09,True,False,,no_target;no_entry_candidates,,,,,,,,,,,,,,,,,,,,,,,,,,,,,,,,,,,,,,
2024-10-10,True,True,,,,,,,,,,,,,,,,,,,,,,,,,,,,,,,,,,,,,,,,
2024-10-13,True,False,,no_target;no_entry_candidates,,,,,,,,,,,,,,,,,,,,,,,,,,,,,,,,,,,,,,
2024-10-14,True,False,,no_target;no_entry_candidates,,,,,,,,,,,,,,,,,,,,,,,,,,,,,,,,,,,,,,
2024-10-15,True,False,,no_target;no_entry_candidates,,,,,,,,,,,,,,,,,,,,,,,,,,,,,,,,,,,,,,
2024-10-16,True,True,,,,,,,,,,,,,,,,,,,,,,,,,,,,,,,,,,,,,,,,
2024-10-17,True,False,,no_target;no_entry_candidates,,,,,,,,,,,,,,,,,,,,,,,,,,,,,,,,,,,,,,
2024-10-20,True,True,,,,,,,,,,,,,,,,,,,,,,,,,,,,,,,,,,,,,,,,
2024-10-21,True,False,,no_target;no_entry_candidates,,,,,,,,,,,,,,,,,,,,,,,,,,,,,,,,,,,,,,
2024-10-22,True,True,,,,,,,,,,,,,,,,,,,,,,,,,,,,,,,,,,,,,,,,
2024-10-23,True,True,,,,,,,,,,,,,,,,,,,,,,,,,,,,,,,,,,,,,,,,
2024-10-24,True,True,,,,,,,,,,,,,,,,,,,,,,,,,,,,,,,,,,,,,,,,
2024-10-27,True,True,,,,,,,,,,,,,,,,,,,,,,,,,,,,,,,,,,,,,,,,
2024-10-28,True,False,,no_target;no_entry_candidates,,,,,,,,,,,,,,,,,,,,,,,,,,,,,,,,,,,,,,
2024-10-29,True,False,,no_target;no_entry_candidates,,,,,,,,,,,,,,,,,,,,,,,,,,,,,,,,,,,,,,
2024-10-30,True,True,,,,,,,,,,,,,,,,,,,,,,,,,,,,,,,,,,,,,,,,
2024-10-31,True,False,,no_target;no_entry_candidates,,,,,,,,,,,,,,,,,,,,,,,,,,,,,,,,,,,,,,
2024-11-03,True,False,,no_target;no_entry_candidates,,,,,,,,,,,,,,,,,,,,,,,,,,,,,,,,,,,,,,
2024-11-04,True,False,,no_target;no_entry_candidates,,,,,,,,,,,,,,,,,,,,,,,,,,,,,,,,,,,,,,
2024-11-05,True,False,,no_target;no_entry_candidates,,,,,,,,,,,,,,,,,,,,,,,,,,,,,,,,,,,,,,
2024-11-06,True,False,,no_target;no_entry_candidates,,,,,,,,,,,,,,,,,,,,,,,,,,,,,,,,,,,,,,
2024-11-07,True,False,,no_target;no_entry_candidates,,,,,,,,,,,,,,,,,,,,,,,,,,,,,,,,,,,,,,
2024-11-10,True,False,,no_target;no_entry_candidates,,,,,,,,,,,,,,,,,,,,,,,,,,,,,,,,,,,,,,
2024-11-11,True,False,,no_target;no_entry_candidates,,,,,,,,,,,,,,,,,,,,,,,,,,,,,,,,,,,,,,
2024-11-12,True,True,,,,,,,,,,,,,,,,,,,,,,,,,,,,,,,,,,,,,,,,
2024-11-13,True,False,,no_target;no_entry_candidates,,,,,,,,,,,,,,,,,,,,,,,,,,,,,,,,,,,,,,
2024-11-14,True,False,,no_detector_candidates;no_entry_candidates,single_side_low_in_kz,LONG,confluence,,,,,0.0,0.0,0.0,0.0,0.0,0.0,0.0,0.0,0.0,0.0,,,,,,,,,,,,,,,,,,,,,
2024-11-17,True,False,,no_detector_candidates;no_entry_candidates,single_side_low_in_kz,LONG,confluence,,,,,0.0,0.0,0.0,0.0,0.0,0.0,0.0,0.0,0.0,0.0,,,,,,,,,,,,,,,,,,,,,
2024-11-18,True,False,,no_target;no_entry_candidates,,,,,,,,,,,,,,,,,,,,,,,,,,,,,,,,,,,,,,
2024-11-19,True,False,,no_target;no_entry_candidates,,,,,,,,,,,,,,,,,,,,,,,,,,,,,,,,,,,,,,
2024-11-20,True,False,,no_target;no_entry_candidates,,,,,,,,,,,,,,,,,,,,,,,,,,,,,,,,,,,,,,
2024-11-21,True,False,,no_target;no_entry_candidates,,,,,,,,,,,,,,,,,,,,,,,,,,,,,,,,,,,,,,
2024-11-24,True,True,,,,,,,,,,,,,,,,,,,,,,,,,,,,,,,,,,,,,,,,
2024-11-25,True,False,,no_target;no_entry_candidates,,,,,,,,,,,,,,,,,,,,,,,,,,,,,,,,,,,,,,
2024-11-26,True,False,,no_target;no_entry_candidates,,,,,,,,,,,,,,,,,,,,,,,,,,,,,,,,,,,,,,
2024-11-27,True,False,,no_target;no_entry_candidates,,,,,,,,,,,,,,,,,,,,,,,,,,,,,,,,,,,,,,
2024-11-28,True,False,,no_target;no_entry_candidates,,,,,,,,,,,,,,,,,,,,,,,,,,,,,,,,,,,,,,
2024-12-01,True,False,,,single_side_high_in_kz,SHORT,confluence,1.0,1.0,1.0,0.0,0.0,0.0,0.0,1.0,0.0,0.0,0.0,0.0,1.0,0.0,0.0,0.0,,,0.0,0.0,,,0.0,0.0,,,1.0,1.0,0.4117928118393235,0.4117928118393235,0.0,0.0,,,1.0
2024-12-02,True,False,,no_target;no_entry_candidates,,,,,,,,,,,,,,,,,,,,,,,,,,,,,,,,,,,,,,
2024-12-03,True,False,,no_target;no_entry_candidates,,,,,,,,,,,,,,,,,,,,,,,,,,,,,,,,,,,,,,
2024-12-04,True,False,,no_target;no_entry_candidates,,,,,,,,,,,,,,,,,,,,,,,,,,,,,,,,,,,,,,
2024-12-05,True,False,,no_target;no_entry_candidates,,,,,,,,,,,,,,,,,,,,,,,,,,,,,,,,,,,,,,
2024-12-08,True,True,,,,,,,,,,,,,,,,,,,,,,,,,,,,,,,,,,,,,,,,
2024-12-09,True,True,,,,,,,,,,,,,,,,,,,,,,,,,,,,,,,,,,,,,,,,
2024-12-10,True,False,,no_target;no_entry_candidates,,,,,,,,,,,,,,,,,,,,,,,,,,,,,,,,,,,,,,
2024-12-11,True,False,,no_target;no_entry_candidates,,,,,,,,,,,,,,,,,,,,,,,,,,,,,,,,,,,,,,
2024-12-12,True,True,,,,,,,,,,,,,,,,,,,,,,,,,,,,,,,,,,,,,,,,
2024-12-15,True,True,,,,,,,,,,,,,,,,,,,,,,,,,,,,,,,,,,,,,,,,
2024-12-16,True,False,,no_target;no_entry_candidates,,,,,,,,,,,,,,,,,,,,,,,,,,,,,,,,,,,,,,
2024-12-17,True,True,,,,,,,,,,,,,,,,,,,,,,,,,,,,,,,,,,,,,,,,
2024-12-18,True,False,,no_target;no_entry_candidates,,,,,,,,,,,,,,,,,,,,,,,,,,,,,,,,,,,,,,
2024-12-19,True,False,,no_target;no_entry_candidates,,,,,,,,,,,,,,,,,,,,,,,,,,,,,,,,,,,,,,
2024-12-22,True,True,,,,,,,,,,,,,,,,,,,,,,,,,,,,,,,,,,,,,,,,
2024-12-23,True,False,,no_target;no_entry_candidates,,,,,,,,,,,,,,,,,,,,,,,,,,,,,,,,,,,,,,
2024-12-24,True,False,high_takeout,no_detector_candidates;no_entry_candidates,both_in_kz_bias=high_takeout,SHORT,confluence,,,,,0.0,0.0,0.0,0.0,0.0,0.0,0.0,0.0,0.0,0.0,,,,,,,,,,,,,,,,,,,,,
2024-12-25,True,True,,,,,,,,,,,,,,,,,,,,,,,,,,,,,,,,,,,,,,,,
2024-12-26,True,False,,no_target;no_entry_candidates,,,,,,,,,,,,,,,,,,,,,,,,,,,,,,,,,,,,,,
2024-12-29,True,True,,,,,,,,,,,,,,,,,,,,,,,,,,,,,,,,,,,,,,,,
2024-12-30,True,True,,,,,,,,,,,,,,,,,,,,,,,,,,,,,,,,,,,,,,,,
